,mean_abs_shap
GenHlth,0.04788482591058571
BMI,0.04055643132975684
HighBP,0.029911333908616066
Age,0.02764709173002811
HighChol,0.025278528669278905
Income,0.010360073300079748
Sex,0.007943365015212287
HvyAlcoholConsump,0.006208140215760764
HeartDiseaseorAttack,0.005404925268963115
Smoker,0.003157427970631456
DiffWalk,0.0028457935561100774
Veggies,0.002268675621735439
Education,0.0018216751495597377
PhysActivity,0.001750217235142282
MentHlth,0.0016990943490030482
NoDocbcCost,0.0016245701919131968
CholCheck,0.0012467976375125488
Stroke,0.0010257902945034186
AnyHealthcare,0.0007970277405207396
PhysHlth,0.0007678559076658904
Fruits,0.0005623505178936375
