Feature,Importance
GenHlth,0.23956161062671558
HighBP,0.21954964457789963
BMI,0.13579192316233069
HighChol,0.09844101981907305
Age,0.09656354942554832
DiffWalk,0.05719537349733337
HeartDiseaseorAttack,0.028550571227467843
Income,0.028366575479363488
PhysHlth,0.027914666348937266
Education,0.011783398325520552
HvyAlcoholConsump,0.00855667049113398
PhysActivity,0.008527087630808346
CholCheck,0.008245081365030339
MentHlth,0.00819817770108391
Sex,0.007275409986605338
Stroke,0.004682768107479678
Smoker,0.002937006768356738
Fruits,0.0025657335956131362
Veggies,0.0021586660312603394
NoDocbcCost,0.001618899336961264
AnyHealthcare,0.0015161664954771185
